Date,AAPL,MSFT,NVDA,SPY
2024-01-02,183.56219482421875,364.5894470214844,48.138572692871094,459.9911804199219
2024-01-03,182.18772888183594,364.323974609375,47.539939880371094,456.2346496582031
2024-01-04,179.87393188476562,361.7091064453125,47.96868133544922,454.7650146484375
2024-01-05,179.15211486816406,361.5223388671875,49.06700897216797,455.38787841796875
2024-01-08,183.4830780029297,368.3447570800781,52.22107696533203,461.8890075683594
2024-01-09,183.06777954101562,369.4261169433594,53.10753631591797,461.1882629394531
2024-01-10,184.1060333251953,376.2879333496094,54.316795349121094,463.7965087890625
2024-01-11,183.5127716064453,378.116455078125,54.78850555419922,463.5921325683594
2024-01-12,183.8390655517578,381.89141845703125,54.676578521728516,463.9132385253906
2024-01-16,181.57470703125,383.6609191894531,56.347557067871094,462.21014404296875
2024-01-17,180.63531494140625,382.87445068359375,56.018760681152344,459.6408996582031
2024-01-18,186.5187225341797,387.199951171875,57.07210922241211,463.7283630371094
2024-01-19,189.41590881347656,391.9186706542969,59.45466232299805,469.5092468261719
2024-01-22,191.71983337402344,389.7953186035156,59.6175651550293,470.501953125
2024-01-23,192.99539184570312,392.144775390625,59.836429595947266,471.8741760253906
2024-01-24,192.32301330566406,395.7427673339844,61.324520111083984,472.3900146484375
2024-01-25,191.99671936035156,398.0137023925781,61.57936096191406,474.959228515625
2024-01-26,190.2663116455078,397.0895690917969,60.993717193603516,474.35589599609375
2024-01-29,189.5840301513672,402.78155517578125,62.42683792114258,478.1125183105469
2024-01-30,185.93531799316406,401.6706848144531,62.73564910888672,477.7427673339844
2024-01-31,182.33607482910156,390.8471374511719,61.48941421508789,469.9472351074219
2024-02-01,184.76853942871094,396.942138671875,62.98849868774414,476.0979919433594
2024-02-02,183.7698516845703,404.256103515625,66.11959075927734,481.1100769042969
2024-02-05,185.57933044433594,398.78045654296875,69.28964233398438,479.3582458496094
2024-02-06,187.18121337890625,398.6231384277344,68.18132019042969,480.74993896484375
2024-02-07,187.28997802734375,407.0382385253906,70.05616760253906,484.7596130371094
2024-02-08,186.2122039794922,407.0971984863281,69.59845733642578,484.9737243652344
2024-02-09,186.9745635986328,413.4281311035156,72.08894348144531,487.7765808105469
2024-02-12,185.29141235351562,408.22772216796875,72.20386505126953,487.5624694824219
2024-02-13,183.20236206054688,399.43914794921875,72.08393859863281,480.8472595214844
2024-02-14,182.3212127685547,403.2998352050781,73.8548583984375,485.217041015625
2024-02-15,182.03411865234375,400.4141845703125,72.61360931396484,488.56488037109375
2024-02-16,180.49948120117188,397.95196533203125,72.56863403320312,486.1318359375
2024-02-20,179.75694274902344,396.7012023925781,69.4095687866211,483.45550537109375
2024-02-21,180.50941467285156,396.100341796875,67.4307861328125,483.8934326171875
2024-02-22,182.53900146484375,405.42724609375,78.49002075195312,493.9078063964844
2024-02-23,180.70741271972656,404.1369934082031,78.76885223388672,494.24847412109375
2024-02-26,179.3609161376953,401.3793640136719,79.04369354248047,492.4383239746094
2024-02-27,180.81629943847656,401.3202819824219,78.65291595458984,493.3531188964844
2024-02-28,179.6183319091797,401.556640625,77.61556243896484,492.7010498046875
2024-02-29,178.95498657226562,407.3871765136719,79.06366729736328,494.4722595214844
2024-03-01,177.87579345703125,409.2190246582031,82.22872161865234,499.1145324707031
2024-03-04,173.361083984375,408.6477966308594,85.18492126464844,498.5793151855469
2024-03-05,168.43052673339844,396.5632629394531,85.91551971435547,493.596435546875
2024-03-06,167.4404754638672,396.01171875,88.64997100830078,496.0975646972656
2024-03-07,167.32167053222656,402.9552001953125,92.6167221069336,501.02203369140625
2024-03-08,169.03448486328125,400.07928466796875,87.4786376953125,498.0148620605469
2024-03-11,171.03443908691406,398.405029296875,85.72562408447266,497.58660888671875
2024-03-12,171.5096435546875,409.0023193359375,91.86116027832031,502.9393310546875
2024-03-13,169.43052673339844,408.8250732421875,90.83673095703125,502.15093994140625
2024-03-14,171.28196716308594,418.79205322265625,87.89439392089844,501.1583251953125
2024-03-15,170.90570068359375,410.1251220703125,87.7874526977539,497.7170715332031
2024-03-18,171.9947967529297,411.0115051269531,88.40512084960938,500.675048828125
2024-03-19,174.3313446044922,415.0397033691406,89.34758758544922,503.4573974609375
2024-03-20,176.89564514160156,418.8019714355469,90.32102966308594,508.1139831542969
2024-03-21,169.6681365966797,422.87933349609375,91.38343048095703,509.793212890625
2024-03-22,170.569091796875,422.2589111328125,94.23580932617188,508.82666015625
2024-03-25,169.15330505371094,416.4677429199219,94.94841003417969,507.4208984375
2024-03-26,168.02462768554688,415.2760314941406,92.50879669189453,506.48370361328125
2024-03-27,171.58885192871094,415.05938720703125,90.1990966796875,510.7400207519531
2024-03-28,169.77703857421875,414.3600769042969,90.30503845214844,510.64251708984375
2024-04-01,168.3414306640625,418.15191650390625,90.3120346069336,509.7541198730469
2024-04-02,167.1632537841797,415.0691833496094,89.40155029296875,506.5130920410156
2024-04-03,167.96522521972656,414.09417724609375,88.91382598876953,507.0694274902344
2024-04-04,167.14344787597656,411.56304931640625,85.85653686523438,500.880126953125
2024-04-05,167.8959197998047,419.0875549316406,87.95836639404297,506.11273193359375
2024-04-08,166.7771453857422,418.171630859375,87.08384704589844,506.3958740234375
2024-04-09,167.98500061035156,419.8360595703125,85.30584716796875,506.9815368652344
2024-04-10,166.11378479003906,416.86175537109375,86.98991394042969,501.9051208496094
2024-04-11,173.3016815185547,421.4611511230469,90.56488800048828,505.6929931640625
2024-04-12,174.7967071533203,415.5222473144531,88.13627624511719,498.71282958984375
2024-04-15,170.9750213623047,407.3871765136719,85.9524917602539,492.4648742675781
2024-04-16,167.69790649414062,408.3128967285156,87.36569213867188,491.5667419433594
2024-04-17,166.3315887451172,405.61431884765625,83.98759460449219,488.65753173828125
2024-04-18,165.38111877441406,398.1587829589844,84.62323760986328,487.65203857421875
2024-04-19,163.36138916015625,393.0866394042969,76.15702819824219,483.3955993652344
2024-04-22,164.19305419921875,394.8988037109375,79.47315979003906,487.8472900390625
2024-04-23,165.24252319335938,401.4089050292969,82.37650299072266,493.6363830566406
2024-04-24,167.3414764404297,402.8763732910156,79.63206481933594,493.4021301269531
2024-04-25,168.2028350830078,393.0078430175781,82.58539581298828,491.5276794433594
2024-04-26,167.61871337890625,400.1778259277344,87.68551635742188,496.18438720703125
2024-04-29,171.7769775390625,396.1693420410156,87.70751190185547,497.9416198730469
2024-04-30,168.63848876953125,383.4446105957031,86.35327911376953,490.0536193847656
2024-05-01,167.61871337890625,388.9698181152344,82.9941635131836,488.46234130859375
2024-05-02,171.31163024902344,391.8260192871094,85.76859283447266,493.0311279296875
2024-05-03,181.5588836669922,400.5126647949219,88.7389144897461,499.1423645019531
2024-05-06,179.9054412841797,407.2886047363281,92.08802795410156,504.296875
2024-05-07,180.58859252929688,403.1521301269531,90.50291442871094,504.8534240722656
2024-05-08,180.9252471923828,404.333984375,90.36101531982422,504.90216064453125
2024-05-09,182.73704528808594,406.08709716796875,88.69695281982422,507.8114013671875
2024-05-10,181.47793579101562,408.4705505371094,89.82730102539062,508.4655456542969
2024-05-13,184.68019104003906,407.4659118652344,90.3480224609375,508.5337219238281
2024-05-14,185.82032775878906,410.262939453125,91.30447387695312,510.8670349121094
2024-05-15,188.09066772460938,417.43603515625,94.57662200927734,517.1929931640625
2024-05-16,188.20965576171875,415.3739318847656,94.3057861328125,516.1289672851562
2024-05-17,188.2393798828125,414.6043395996094,92.42683410644531,516.8709716796875
2024-05-20,189.3993377685547,419.6658630371094,94.72655487060547,517.4664916992188
2024-05-21,190.69808959960938,423.3165283203125,95.33219909667969,518.7355346679688
2024-05-22,189.26052856445312,424.7767333984375,94.89645385742188,517.2420043945312
2024-05-23,185.2750701904297,421.3037414550781,103.74047088623047,513.4638671875
2024-05-24,188.34844970703125,424.42156982421875,106.4089584350586,516.8611450195312
2024-05-28,188.3583526611328,424.5794372558594,113.83676147460938,517.2224731445312
2024-05-29,188.65576171875,423.44476318359375,114.7602310180664,513.6005249023438
2024-05-30,189.64715576171875,409.1382141113281,110.43767547607422,510.19342041015625
2024-05-31,190.5989532470703,409.592041015625,109.5711669921875,514.84033203125
2024-06-03,192.36366271972656,408.00360107421875,114.93514251708984,515.2601318359375
2024-06-04,192.68089294433594,410.5195007324219,116.37133026123047,515.836181640625
2024-06-05,194.1878662109375,418.3536071777344,122.3709487915039,521.966796875
2024-06-06,192.80978393554688,418.8568115234375,120.92974853515625,521.9572143554688
2024-06-07,195.19911193847656,418.1957702636719,120.81981658935547,521.3225708007812
2024-06-10,191.4614715576172,422.1621398925781,121.72130584716797,522.9334106445312
2024-06-11,205.3709716796875,426.9079284667969,120.85173034667969,524.1926879882812
2024-06-12,211.2401580810547,435.1761474609375,125.13966369628906,528.4979248046875
2024-06-13,212.40008544921875,435.689208984375,129.5475311279297,529.56201171875
2024-06-14,210.6651153564453,436.666015625,131.8164520263672,529.8843383789062
2024-06-17,214.80923461914062,442.388671875,130.91688537597656,534.1015014648438
2024-06-18,212.4496612548828,440.3857421875,135.5146484375,535.4585571289062
2024-06-20,207.87924194335938,439.7542724609375,130.71697998046875,534.0039672851562
2024-06-21,205.70806884765625,443.7798767089844,126.50899505615234,533.2880249023438
2024-06-24,206.3524627685547,441.6979675292969,118.05306243896484,531.554443359375
2024-06-25,207.2744903564453,444.9342041015625,126.02923583984375,533.6015014648438
2024-06-26,211.4185791015625,446.12811279296875,126.33908081054688,534.2673950195312
2024-06-27,212.2613067626953,446.8089294433594,123.93024444580078,535.1096801757812
2024-06-28,208.81118774414062,440.9875793457031,123.48046112060547,533.0039672851562
2024-07-01,214.8885498046875,450.6371154785156,124.24010467529297,534.1008911132812
2024-07-02,218.3782958984375,453.1531066894531,122.61087799072266,537.6953125
2024-07-03,219.64732360839844,454.6231994628906,128.21817016601562,540.0947875976562
2024-07-05,224.3961639404297,461.3226318359375,125.76936340332031,543.2094116210938
2024-07-08,225.86346435546875,460.020263671875,128.13819885253906,543.8361206054688
2024-07-09,226.71609497070312,453.4096374511719,131.3166961669922,544.364990234375
2024-07-10,230.97914123535156,460.0301208496094,134.84500122070312,549.7515258789062
2024-07-11,225.61563110351562,448.6341857910156,127.33860778808594,545.0113525390625
2024-07-12,228.56008911132812,447.49951171875,129.177734375,548.4490356445312
2024-07-15,232.386962890625,447.904052734375,128.3781280517578,549.957275390625
2024-07-16,232.80335998535156,443.5233154296875,126.29911041259766,553.2186279296875
2024-07-17,226.9143829345703,437.6033020019531,117.93313598632812,545.4618530273438
2024-07-18,222.25473022460938,434.4953918457031,121.0316390991211,541.27001953125
2024-07-19,222.3836212158203,431.2788391113281,117.8731689453125,537.6757202148438
2024-07-22,222.03660583496094,437.03106689453125,123.48046112060547,543.218994140625
2024-07-23,223.0775909423828,438.91558837890625,122.53092193603516,542.3670654296875
2024-07-24,216.6631622314453,423.1783752441406,114.1949462890625,530.0755615234375
2024-07-25,215.6221923828125,412.8184509277344,112.22589111328125,527.313720703125
2024-07-26,216.08815002441406,419.5967712402344,113.00550842285156,533.2194213867188
2024-07-29,216.36572265625,421.0373229980469,111.53622436523438,533.5328369140625
2024-07-30,216.92092895507812,417.27813720703125,103.68000793457031,530.8297729492188
2024-07-31,220.17276000976562,412.7691345214844,116.96359252929688,539.458251953125
2024-08-01,216.48472595214844,411.5456237792969,109.15736389160156,531.8189697265625
2024-08-02,217.97181701660156,403.04058837890625,107.21829986572266,521.9172973632812
2024-08-05,207.47280883789062,389.87860107421875,100.4015884399414,506.7171630859375
2024-08-06,205.45028686523438,394.27911376953125,104.19976806640625,511.3887939453125
2024-08-07,208.01805114746094,393.1148376464844,98.8623275756836,507.9707946777344
2024-08-08,211.47808837890625,397.3180236816406,104.9194107055664,519.7137451171875
2024-08-09,214.38291931152344,400.60357666015625,104.69951629638672,522.0054321289062
2024-08-12,215.9114532470703,401.3830871582031,108.96746826171875,522.2797241210938
2024-08-13,219.62362670898438,408.4870300292969,116.08402252197266,530.868896484375
2024-08-14,220.07029724121094,411.2989807128906,118.02310943603516,532.5438232421875
2024-08-15,223.04795837402344,416.1620788574219,122.80079650878906,541.671630859375
2024-08-16,224.36807250976562,413.6317138671875,124.51996612548828,542.8860473632812
2024-08-19,224.2092742919922,416.65631103515625,129.93734741210938,548.0768432617188
2024-08-20,224.82464599609375,419.8885192871094,127.18867492675781,547.1856079101562
2024-08-21,224.7154541015625,419.2361755371094,128.43804931640625,549.0661010742188
2024-08-22,222.85939025878906,410.7454528808594,123.68035888671875,544.7566528320312
2024-08-23,225.15219116210938,411.97113037109375,129.30763244628906,550.5447998046875
2024-08-26,225.48965454101562,408.7093200683594,126.39906311035156,549.2325439453125
2024-08-27,226.33334350585938,409.0552673339844,128.23817443847656,549.9867553710938
2024-08-28,224.8048095703125,405.85272216796875,125.54946899414062,546.7938842773438
2024-08-29,228.0802459716797,408.34356689453125,117.53331756591797,546.8427734375
2024-08-30,227.29612731933594,412.3171081542969,119.31246948242188,552.0629272460938
2024-09-03,221.1124725341797,404.7060852050781,107.94794464111328,540.7020263671875
2024-09-04,219.2067413330078,404.17236328125,106.15882110595703,539.5953369140625
2024-09-05,220.7253875732422,403.6682434082031,107.15834045410156,538.2828979492188
2024-09-06,219.17697143554688,397.0556335449219,102.78043365478516,529.2235107421875
2024-09-09,219.26632690429688,401.0290832519531,106.41869354248047,535.1488647460938
2024-09-10,218.47227478027344,409.41107177734375,108.04788970947266,537.4798583984375
2024-09-11,221.0032958984375,418.1488952636719,116.8536605834961,542.9937744140625
2024-09-12,221.1124725341797,422.0630798339844,119.0927734375,547.567626953125
2024-09-13,220.84446716308594,425.611572265625,119.05277252197266,550.4274291992188
2024-09-16,214.71047973632812,426.3528747558594,116.73369598388672,551.2402954101562
2024-09-17,215.17697143554688,430.1188659667969,115.54417419433594,551.4654541015625
2024-09-18,219.04795837402344,425.82904052734375,113.3250503540039,549.8300170898438
2024-09-19,227.1670684814453,433.617919921875,117.82327270507812,559.2124633789062
2024-09-20,226.5020751953125,430.2374267578125,115.95401763916016,558.245849609375
2024-09-23,224.78494262695312,428.4978332519531,116.21391296386719,559.6407470703125
2024-09-24,225.67825317382812,424.2080078125,120.82208251953125,561.2421264648438
2024-09-25,224.68568420410156,427.1139831542969,123.4610366821289,560.0043334960938
2024-09-26,225.8271484375,426.3232421875,123.99082946777344,562.2245483398438
2024-09-27,226.09510803222656,423.0712585449219,121.35187530517578,561.4091186523438
2024-09-30,231.26637268066406,425.32489013671875,121.39186096191406,563.6588745117188
2024-10-01,224.52688598632812,415.8260192871094,116.95361328125,558.6092529296875
2024-10-02,225.09263610839844,412.30718994140625,118.80288696289062,558.8450317382812
2024-10-03,223.9908905029297,411.7240295410156,122.80130004882812,557.823486328125
2024-10-04,225.1125030517578,411.24957275390625,124.87047576904297,562.8925170898438
2024-10-07,220.04051208496094,404.8049621582031,127.66936492919922,557.8037719726562
2024-10-08,224.09014892578125,409.9151916503906,132.83731079101562,563.0791625976562
2024-10-09,227.83209228515625,412.63336181640625,132.597412109375,566.9793701171875
2024-10-10,227.33583068847656,411.0321044921875,134.7565460205078,565.987060546875
2024-10-11,225.85691833496094,411.506591796875,134.74656677246094,569.3764038085938
2024-10-14,229.57899475097656,414.2939453125,138.01527404785156,574.0328369140625
2024-10-15,232.11004638671875,413.8985595703125,131.54783630371094,569.5728759765625
2024-10-16,230.05543518066406,411.30889892578125,135.6662139892578,572.0484619140625
2024-10-17,230.42266845703125,411.9019775390625,136.87571716308594,572.0975341796875
2024-10-18,233.25146484375,413.3252868652344,137.94529724121094,574.2981567382812
2024-10-21,234.72047424316406,413.9381408691406,143.6530303955078,573.3550415039062
2024-10-22,234.10508728027344,422.5672302246094,143.53309631347656,573.0504760742188
2024-10-23,229.04299926757812,419.6908264160156,139.50466918945312,567.8143310546875
2024-10-24,228.8544464111328,419.8193359375,140.35433959960938,569.0423583984375
2024-10-25,229.6881866455078,423.19976806640625,141.48388671875,568.8458251953125
2024-10-28,231.6633758544922,421.6578674316406,140.4643096923828,570.6043701171875
2024-10-29,231.93138122558594,426.9559020996094,141.19400024414062,571.52783203125
2024-10-30,228.387939453125,427.5291748046875,139.28475952148438,569.798828125
2024-10-31,224.22911071777344,401.6518859863281,132.70738220214844,558.6289672851562
2024-11-01,221.25143432617188,405.6253662109375,135.34632873535156,560.9866333007812
2024-11-04,220.3581085205078,403.7374267578125,135.99607849121094,559.7783813476562
2024-11-05,221.78741455078125,406.7027587890625,139.8545379638672,566.5470581054688
2024-11-06,221.06283569335938,415.3218994140625,145.5522918701172,580.6346435546875
2024-11-07,225.7874298095703,420.5112609863281,148.8209991455078,585.1241455078125
2024-11-08,225.51914978027344,417.6546630859375,147.5714569091797,587.6588134765625
2024-11-11,222.8064727783203,413.1770324707031,145.202392578125,588.2186889648438
2024-11-12,222.8064727783203,418.13897705078125,148.23118591308594,586.3914184570312
2024-11-13,223.69082641601562,420.283935546875,146.21202087402344,586.6763305664062
2024-11-14,226.7711639404297,421.9543762207031,146.70181274414062,582.9039306640625
2024-11-15,223.5716094970703,410.2018127441406,141.9237060546875,575.437744140625
2024-11-18,226.5724334716797,410.95306396484375,140.09442138671875,577.7955322265625
2024-11-19,226.8307342529297,412.9595947265625,146.95172119140625,579.9076538085938
2024-11-20,227.54620361328125,410.6861267089844,145.83216857910156,580.104248046875
2024-11-21,227.0692596435547,408.913330078125,146.6118621826172,583.21826171875
2024-11-22,228.4106903076172,413.0036926269531,141.8937225341797,585.0258178710938
2024-11-25,231.39163208007812,414.7765808105469,135.96609497070312,587.0103759765625
2024-11-26,233.56771850585938,423.888427734375,136.86572265625,590.075439453125
2024-11-27,233.4385528564453,418.9363708496094,135.2863311767578,588.2874145507812
2024-11-29,235.8233184814453,419.40185546875,138.19520568847656,591.94189453125
2024-12-02,238.06895446777344,426.84979248046875,138.5750274658203,593.0028686523438
2024-12-03,241.10952758789062,427.0676574707031,140.20440673828125,593.2780151367188
2024-12-04,241.46725463867188,433.2280578613281,145.0824737548828,596.9619140625
2024-12-05,241.49705505371094,438.3782043457031,145.0124969482422,595.9796142578125
2024-12-06,241.29830932617188,439.3191223144531,142.39334106445312,597.1093139648438
2024-12-09,245.1835174560547,441.74560546875,138.7645263671875,594.0344848632812
2024-12-10,246.19703674316406,439.0813903808594,135.0257568359375,592.1875
2024-12-11,244.92515563964844,444.68719482421875,139.2643585205078,596.7655639648438
2024-12-12,246.38583374023438,445.2516784667969,137.29501342773438,593.690673828125
2024-12-13,246.55474853515625,442.9836120605469,134.20602416992188,593.57275390625
2024-12-16,249.44625854492188,447.2622375488281,131.9567413330078,596.1072998046875
2024-12-17,251.8707733154297,450.1047668457031,130.3472900390625,593.6513671875
2024-12-18,246.4752655029297,433.1983642578125,128.86778259277344,575.9584350585938
2024-12-19,248.20419311523438,432.841796875,130.63717651367188,575.7815551757812
2024-12-20,252.87437438964844,432.4159240722656,134.65586853027344,582.697265625
2024-12-23,253.64942932128906,431.0788879394531,139.62425231933594,586.1865844726562
2024-12-24,256.5608215332031,435.1197204589844,140.174072265625,592.7020874023438
2024-12-26,257.3756103515625,433.91143798828125,139.88417053222656,592.7415771484375
2024-12-27,253.96739196777344,426.4040832519531,136.96511840820312,586.5020141601562
2024-12-30,250.59889221191406,420.7586975097656,137.4449462890625,579.8091430664062
2024-12-31,248.83021545410156,417.4606018066406,134.2460174560547,577.6997680664062
2025-01-02,242.30191040039062,414.568603515625,138.26467895507812,576.2803955078125
2025-01-03,241.8150177001953,419.29290771484375,144.4226837158203,583.48583984375
2025-01-06,243.4446258544922,423.7497863769531,149.38104248046875,586.8470458984375
2025-01-07,240.67233276367188,418.322265625,140.09408569335938,580.2133178710938
2025-01-08,241.1592254638672,420.4913024902344,140.06411743164062,581.0609130859375
2025-01-10,235.3463592529297,414.9350280761719,135.86549377441406,572.1895751953125
2025-01-13,232.9119110107422,413.1919250488281,133.1863555908203,573.0768432617188
2025-01-14,231.7990264892578,411.6865234375,131.7168426513672,573.8653564453125
2025-01-15,236.35989379882812,422.2245178222656,136.1953887939453,584.3040161132812
2025-01-16,226.81089782714844,420.5110778808594,133.52626037597656,583.1802978515625
2025-01-17,228.5199737548828,424.91851806640625,137.66490173339844,589.035400390625
2025-01-21,221.22657775878906,424.3935241699219,140.78387451171875,594.4270629882812
2025-01-22,222.4090118408203,441.9239807128906,147.0218505859375,597.7686157226562
2025-01-23,222.24009704589844,442.4289855957031,147.17178344726562,601.0313110351562
2025-01-24,221.3656768798828,439.8044128417969,142.57327270507812,599.2766723632812
2025-01-27,228.4007110595703,430.3954772949219,118.3812026977539,590.7996826171875
2025-01-28,236.74740600585938,442.9143371582031,128.94775390625,595.8760986328125
2025-01-29,237.84039306640625,438.0909729003906,123.65948486328125,593.2048950195312
2025-01-30,236.08163452148438,411.0129699707031,124.60917663574219,596.3886108398438
2025-01-31,234.50173950195312,411.08233642578125,120.03067016601562,593.214599609375
2025-02-03,226.56246948242188,406.9820251464844,116.62179565429688,589.2225341796875
2025-02-04,231.3220672607422,408.4180908203125,118.61112976074219,593.1752319335938
2025-02-05,230.99417114257812,409.32928466796875,124.78911590576172,595.580322265625
2025-02-06,231.73941040039062,411.8350830078125,128.6378631591797,597.6503295898438
2025-02-07,226.1848907470703,405.8232116699219,129.79745483398438,592.1797485351562
2025-02-10,226.45346069335938,408.2695617675781,133.52626037597656,596.2012939453125
2025-02-11,231.3973388671875,407.4970397949219,132.7565155029297,596.65478515625
2025-02-12,235.62501525878906,405.1200256347656,131.09706115722656,594.7326049804688
2025-02-13,240.26051330566406,406.60565185546875,135.24566650390625,601.0115966796875
2025-02-14,243.31439208984375,404.515869140625,138.8045196533203,600.9819946289062
2025-02-18,243.18505859375,405.7142639160156,139.35433959960938,602.746337890625
2025-02-19,243.58297729492188,410.7951354980469,139.1844024658203,604.1658325195312
2025-02-20,244.53793334960938,412.9684753417969,140.06411743164062,601.6522827148438
2025-02-21,244.2593994140625,405.108642578125,134.38595581054688,591.361572265625
2025-02-24,245.80125427246094,400.9306335449219,130.23733520507812,588.670654296875
2025-02-25,245.74156188964844,394.8769836425781,126.5885238647461,585.7430419921875
2025-02-26,239.09666442871094,396.6930847167969,131.23699951171875,586.0387573242188
2025-02-27,236.05276489257812,389.5477600097656,120.11064910888672,576.6844482421875
2025-02-28,240.5688934326172,393.9739074707031,124.87908172607422,585.6838989257812
2025-03-03,236.77891540527344,385.5384826660156,114.02263641357422,575.4227294921875
2025-03-04,234.68994140625,385.6575622558594,115.95201110839844,568.611572265625
2025-03-05,234.50094604492188,397.9732666015625,117.26158142089844,574.7229614257812
2025-03-06,234.09310913085938,393.8746643066406,110.53378295898438,564.52099609375
2025-03-07,237.81346130371094,390.32183837890625,112.6530990600586,567.68505859375
2025-03-10,226.28436279296875,377.2717590332031,106.94496154785156,552.5643920898438
2025-03-11,219.67926025390625,377.5595703125,108.72438049316406,547.970947265625
2025-03-12,215.8395538330078,380.3581237792969,115.71273803710938,550.8787841796875
2025-03-13,208.57791137695312,375.892333984375,115.55277252197266,543.5353393554688
2025-03-14,212.36790466308594,385.60791015625,121.6413345336914,554.762451171875
2025-03-17,212.87522888183594,385.74688720703125,119.50183868408203,559.0404052734375
2025-03-18,211.57208251953125,380.6062316894531,115.4028091430664,552.9981079101562
2025-03-19,214.10870361328125,384.8735656738281,117.49231719970703,559.0206909179688
2025-03-20,212.97470092773438,383.9010009765625,118.50206756591797,557.4042358398438
2025-03-21,217.12277221679688,388.2874450683594,117.6722640991211,557.5880737304688
2025-03-24,219.56983947753906,390.0935974121094,121.38140106201172,567.5736694335938
2025-03-25,222.573974609375,392.15777587890625,120.66156768798828,568.9379272460938
2025-03-26,220.36563110351562,387.0072326660156,113.73320007324219,562.1458129882812
2025-03-27,222.67344665527344,387.6125793457031,111.40375518798828,560.6528930664062
2025-03-28,216.7547149658203,375.9220886230469,109.6441650390625,549.3623657226562
2025-03-31,220.9624786376953,372.53802490234375,108.35446166992188,553.0501098632812
2025-04-01,222.0169219970703,379.2863464355469,110.12405395507812,554.6121826171875
2025-04-02,222.71324157714844,379.2367248535156,110.39398193359375,558.1220092773438
2025-04-03,202.1220245361328,370.2752990722656,101.7760238647461,530.6173095703125
2025-04-04,187.38987731933594,357.10614013671875,94.28778076171875,499.5533447265625
2025-04-07,180.50625610351562,355.14117431640625,97.61699676513672,498.6635437011719
2025-04-08,171.51376342773438,351.86627197265625,96.27731323242188,490.8531188964844
2025-04-09,197.8048553466797,387.52325439453125,114.30307006835938,542.4021606445312
2025-04-10,189.41915893554688,378.4527282714844,107.5446548461914,518.6345825195312
2025-04-11,197.1085205078125,385.498779296875,110.90386199951172,527.888427734375
2025-04-14,201.45555114746094,384.8636169433594,110.68391418457031,533.009765625
2025-04-15,201.0775604248047,382.7994384765625,112.1735610961914,531.5169067382812
2025-04-16,193.24893188476562,368.7867126464844,104.46538543701172,519.7022705078125
2025-04-17,195.94467163085938,364.98577880859375,101.46607971191406,520.44384765625
2025-04-21,192.14476013183594,356.3916015625,96.88717651367188,508.0558776855469
2025-04-22,198.690185546875,364.0331115722656,98.86669158935547,521.2743530273438
2025-04-23,203.52462768554688,371.5456237792969,102.68579864501953,529.3517456054688
2025-04-24,207.27481079101562,384.35748291015625,106.40492248535156,540.4940795898438
2025-04-25,208.18002319335938,388.8729553222656,110.98385620117188,544.3992919921875
2025-04-28,209.03550720214844,388.18817138671875,108.70439147949219,544.6068725585938
2025-04-29,210.09988403320312,391.0462951660156,108.99431610107422,548.0375366210938
2025-04-30,211.3831024169922,392.25701904296875,108.89433288574219,548.2550048828125
2025-05-01,212.19879150390625,422.1680603027344,111.58370208740234,552.1405029296875
2025-05-02,204.27069091796875,431.9729919433594,114.47303009033203,560.3365478515625
2025-05-05,197.84463500976562,432.8562316894531,113.7931900024414,557.1233520507812
2025-05-06,197.46661376953125,430.0179443359375,113.51325988769531,552.4667358398438
2025-05-07,195.21852111816406,430.05767822265625,117.03242492675781,554.7901611328125
2025-05-08,196.45201110839844,434.84100341796875,117.34235382080078,558.6558837890625
2025-05-09,197.4865264892578,435.39678955078125,116.62252044677734,557.9439697265625
2025-05-12,209.95704650878906,445.8468017578125,122.97102355957031,576.3826293945312
2025-05-13,212.08860778808594,445.72772216796875,129.89938354492188,580.1890258789062
2025-05-14,211.490966796875,449.4988098144531,135.30810546875,580.9304809570312
2025-05-15,210.6144256591797,450.512939453125,134.79823303222656,583.7679443359375
2025-05-16,210.42520141601562,451.6463317871094,135.36810302734375,587.4655151367188
2025-05-19,207.9550018310547,456.2197570800781,135.53805541992188,588.108154296875
2025-05-20,206.04258728027344,455.5238342285156,134.34835815429688,586.130859375
2025-05-21,201.2914276123047,449.9561767578125,131.76895141601562,576.2540893554688
2025-05-22,200.56431579589844,452.23291015625,132.7987060546875,576.4815063476562
2025-05-23,194.49838256835938,447.5799560546875,131.25906372070312,572.5465087890625
2025-05-27,199.4188690185547,458.0292663574219,135.4680633544922,584.4501342773438
2025-05-28,199.62803649902344,454.7184753417969,134.7782440185547,581.0689086914062
2025-05-29,199.15989685058594,456.0308837890625,139.15721130371094,583.3626098632812
2025-05-30,200.0563507080078,457.701171875,135.09817504882812,582.7100830078125
2025-06-02,200.90298461914062,459.3018798828125,137.34764099121094,585.992431640625
2025-06-03,202.46678161621094,460.29608154296875,141.1867218017578,589.3341064453125
2025-06-04,202.0185546875,461.1908874511719,141.88656616210938,589.1759643554688
2025-06-05,199.83721923828125,464.9788818359375,139.95701599121094,586.32861328125
2025-06-06,203.11419677734375,467.6632995605469,141.6865997314453,592.3495483398438
2025-06-09,200.6539764404297,470.0196228027344,142.59640502929688,592.8834228515625
2025-06-10,201.86912536621094,468.2001953125,143.92608642578125,596.2449340820312
2025-06-11,197.99452209472656,469.8903503417969,142.80625915527344,594.54443359375
2025-06-12,198.41285705566406,476.104248046875,144.9759063720703,596.9072875976562
2025-06-13,195.6737060546875,472.2168273925781,141.94639587402344,590.2338256835938
2025-06-16,197.63595581054688,476.37274169921875,144.66595458984375,595.8494262695312
2025-06-17,194.86692810058594,475.2790832519531,144.09603881835938,590.7578735351562
2025-06-18,195.80319213867188,477.4663391113281,145.455810546875,590.6688232421875
2025-06-20,200.20574951171875,474.6427307128906,143.8260955810547,589.2816772460938
2025-06-23,200.70376586914062,483.1930847167969,144.1460418701172,595.1021728515625
2025-06-24,199.5084991455078,487.2793273925781,147.8754119873047,601.6764526367188
2025-06-25,200.76353454589844,489.4268798828125,154.28436279296875,602.0135498046875
2025-06-26,200.20574951171875,494.57696533203125,154.99423217773438,606.7236938476562
2025-06-27,200.28543090820312,493.07568359375,157.72377014160156,609.7380981445312
2025-06-30,204.35926818847656,494.53717041015625,157.96376037597656,612.6533203125
2025-07-01,206.99879455566406,489.2080993652344,153.2745361328125,612.455078125
2025-07-02,211.60055541992188,488.2536926269531,157.22386169433594,615.2315063476562
2025-07-03,212.70616149902344,495.9589538574219,159.3135223388672,620.0804443359375
2025-07-07,209.120361328125,494.84539794921875,158.21371459960938,615.4595336914062
2025-07-08,209.1801300048828,493.7517395019531,159.97340393066406,615.1224365234375
2025-07-09,210.3056640625,500.60198974609375,162.85293579101562,618.8110961914062
2025-07-10,211.57064819335938,498.58367919921875,164.07273864746094,620.5562744140625
2025-07-11,210.3256072998047,500.4130554199219,164.89259338378906,618.3748168945312
2025-07-14,207.79562377929688,500.1147766113281,164.04273986816406,619.5548095703125
2025-07-15,208.28369140625,502.89862060546875,170.671630859375,616.9072875976562
2025-07-16,209.3295440673828,502.6997985839844,171.34152221679688,618.9697265625
2025-07-17,209.1901092529297,508.7446594238281,172.97125244140625,622.7576293945312
2025-07-18,210.34548950195312,507.1041564941406,172.38134765625,622.301513671875
2025-07-21,211.64036560058594,507.1141357421875,171.35153198242188,623.4815063476562
2025-07-22,213.5527801513672,502.3517761230469,167.00225830078125,623.5707397460938
2025-07-23,213.30377197265625,502.94830322265625,170.75161743164062,628.875732421875
2025-07-24,212.91531372070312,507.9294128417969,173.7111358642578,629.083984375
2025-07-25,213.03485107421875,510.7430725097656,173.47117614746094,631.7413940429688
2025-07-28,213.2041778564453,509.5400085449219,176.7206268310547,631.5828247070312
2025-07-29,210.43516540527344,509.609619140625,175.4808349609375,629.9169311523438
2025-07-30,208.2239227294922,510.2757568359375,179.24021911621094,629.1236572265625
2025-07-31,206.74977111816406,530.4187622070312,177.84043884277344,626.763671875
2025-08-01,201.58030700683594,521.0829467773438,173.69113159179688,616.4907836914062
2025-08-04,202.5464630126953,532.5463256835938,179.9700927734375,625.8612670898438
2025-08-05,202.1181640625,524.7019653320312,178.23037719726562,622.688232421875
2025-08-06,212.40733337402344,521.908203125,179.3901824951172,627.4578247070312
2025-08-07,219.16055297851562,517.8318481445312,180.73997497558594,626.9322509765625
2025-08-08,228.44374084472656,519.0249633789062,182.6696319580078,631.82080078125
2025-08-11,226.5391082763672,518.7565307617188,182.0297393798828,630.5713500976562
2025-08-12,229.0021209716797,526.183349609375,183.1295623779297,637.284423828125
2025-08-13,232.6717529296875,517.5733642578125,181.55982971191406,639.4659423828125
2025-08-14,232.12330627441406,519.4623413085938,181.98974609375,639.5254516601562
2025-08-15,230.9366455078125,517.1657104492188,180.42001342773438,638.0281372070312
2025-08-18,230.23861694335938,514.1134643554688,181.979736328125,637.8893432617188
2025-08-19,229.90956115722656,506.8257751464844,175.61080932617188,634.4286499023438
2025-08-20,225.3723907470703,502.7991638183594,175.370849609375,632.742919921875
2025-08-21,224.26551818847656,502.15185546875,174.95091247558594,630.2044677734375
2025-08-22,227.11746215820312,505.1295166015625,177.96043395996094,639.8823852539062
2025-08-25,226.5191650390625,502.17181396484375,179.78012084960938,637.0662231445312
2025-08-26,228.6630859375,499.96099853515625,181.7397918701172,639.733642578125
2025-08-27,229.8397674560547,504.6415100097656,181.56982421875,641.1912841796875
2025-08-28,231.9039306640625,507.5295104980469,180.1400604248047,643.4620361328125
2025-08-29,231.485107421875,504.59173583984375,174.1510467529297,639.6245727539062
2025-09-02,229.0719451904297,503.0282287597656,170.75161743164062,634.884765625
2025-09-03,237.79725646972656,503.2572937011719,170.59165954589844,638.3255615234375
2025-09-04,239.1035614013672,505.866455078125,171.63148498535156,643.660400390625
2025-09-05,239.0137939453125,492.9501647949219,166.9922637939453,641.7960815429688
2025-09-08,237.2089080810547,496.13690185546875,168.2820281982422,643.3728637695312
2025-09-09,233.68887329101562,496.3460388183594,170.7316131591797,644.8601684570312
2025-09-10,226.1501922607422,498.29791259765625,177.300537109375,646.724365234375
2025-09-11,229.3810577392578,498.9352722167969,177.1505584716797,652.0987548828125
2025-09-12,233.40968322753906,507.7884521484375,177.80047607421875,651.8805541992188
2025-09-15,236.0322265625,513.225830078125,177.73049926757812,655.3511962890625
2025-09-16,237.4781494140625,506.9320068359375,174.86080932617188,654.4488525390625
2025-09-17,238.3157958984375,507.9079284667969,170.27130126953125,653.6357421875
2025-09-18,237.2089080810547,506.3444519042969,176.2206573486328,656.6898193359375
2025-09-19,244.8074188232422,515.78515625,176.6505889892578,659.9423217773438
2025-09-22,255.35755920410156,512.319580078125,183.58984375,663.0645141601562
2025-09-23,253.71221923828125,507.1212463378906,178.410400390625,659.4551391601562
2025-09-24,251.59820556640625,508.0373840332031,176.9505615234375,657.3569946289062
2025-09-25,256.14532470703125,504.9303283691406,177.67050170898438,654.3242797851562
2025-09-26,254.73931884765625,509.34197998046875,178.17044067382812,658.072998046875
2025-09-29,253.71221923828125,512.4689331054688,181.83004760742188,659.9224243164062
2025-09-30,253.9116668701172,515.8051147460938,186.55950927734375,662.4082641601562
2025-10-01,254.72933959960938,517.557861328125,187.21945190429688,664.6654663085938
2025-10-02,256.40460205078125,513.604248046875,188.8692626953125,665.4309692382812
2025-10-03,257.2920837402344,515.20751953125,187.5994110107422,665.421142578125
2025-10-06,255.9658660888672,526.3811645507812,185.51962280273438,667.8074951171875
2025-10-07,255.75643920898438,521.8101196289062,185.01968383789062,665.3316040039062
2025-10-08,257.33197021484375,522.676513671875,189.0892333984375,669.2990112304688
2025-10-09,253.32330322265625,520.2366943359375,192.54885864257812,667.3600463867188
2025-10-10,244.57806396484375,508.84405517578125,183.139892578125,649.32275390625
2025-10-13,246.96133422851562,511.9212341308594,188.29933166503906,659.2860107421875
2025-10-14,247.07101440429688,511.4432373046875,180.01022338867188,658.4805908203125
2025-10-15,248.63656616210938,511.3038024902344,179.8102569580078,661.4039916992188
2025-10-16,246.7519073486328,509.4913330078125,181.7900390625,656.899658203125
2025-10-17,251.5782470703125,511.4532470703125,183.19989013671875,660.62841796875
2025-10-20,261.50018310546875,514.6498413085938,182.6199493408203,667.499267578125
2025-10-21,262.0286865234375,515.5162963867188,181.14010620117188,667.4892578125
2025-10-22,257.72088623046875,518.3843994140625,180.2602081298828,664.0191040039062
2025-10-23,258.84765625,518.404296875,182.13999938964844,667.9566650390625
2025-10-24,262.07855224609375,521.441650390625,186.23953247070312,673.4155883789062
2025-10-27,268.0516662597656,529.3189697265625,191.46897888183594,681.3603515625
2025-10-28,268.2411193847656,539.8252563476562,201.0079345703125,683.1700439453125
2025-10-29,268.93914794921875,539.307373046875,207.01727294921875,683.4981689453125
2025-10-30,270.63433837890625,523.582763671875,202.8677215576172,675.98095703125
2025-10-31,269.6072692871094,515.6656494140625,202.4677734375,678.1983642578125
2025-11-03,268.29095458984375,514.888916015625,206.85728454589844,679.4711303710938
2025-11-04,269.2781982421875,512.2001342773438,198.66818237304688,671.4169921875
2025-11-05,269.3779296875,505.0597839355469,195.18858337402344,673.7437133789062
2025-11-06,269.0089416503906,495.04144287109375,188.05935668945312,666.514892578125
2025-11-07,267.7126159667969,494.7626037597656,188.1293487548828,667.1710815429688
2025-11-10,268.93035888671875,503.9045715332031,199.0281524658203,677.5819091796875
2025-11-11,274.73956298828125,506.573486328125,193.1387939453125,679.1329956054688
2025-11-12,272.9628601074219,509.0233154296875,193.7787322998047,679.5108642578125
2025-11-13,272.44384765625,501.205810546875,186.8394775390625,668.2350463867188
2025-11-14,271.9048156738281,508.0672607421875,190.14910888671875,668.125732421875
2025-11-17,266.9639892578125,505.3883972167969,186.5795135498047,661.901123046875
2025-11-18,266.9440612792969,491.74517822265625,181.340087890625,656.3428344726562
2025-11-19,268.06195068359375,485.1027526855469,186.49952697753906,658.87841796875
2025-11-20,265.7562561035156,477.3404846191406,180.6201629638672,648.8355712890625
2025-11-21,270.98651123046875,471.04486083984375,178.86036682128906,655.2987670898438
2025-11-24,275.4083251953125,472.92059326171875,182.52996826171875,664.9437866210938
2025-11-25,276.4563903808594,475.90374755859375,177.80047607421875,671.1981811523438
2025-11-26,277.0352783203125,484.3943786621094,180.24020385742188,675.8318481445312
2025-11-28,278.3328857421875,490.88958740234375,176.98056030273438,679.5208129882812
2025-12-01,282.57501220703125,485.6315612792969,179.90025329589844,676.4185180664062
2025-12-02,285.6592712402344,488.8841552734375,181.44007873535156,677.67138671875
2025-12-03,283.623046875,476.64208984375,179.57028198242188,680.0180053710938
2025-12-04,280.179443359375,479.7449951171875,183.37008666992188,680.51513671875
2025-12-05,278.26300048828125,482.0597229003906,182.40013122558594,681.8078002929688
2025-12-08,277.3746643066406,489.9018249511719,185.5399627685547,679.7594604492188
2025-12-09,276.66595458984375,490.8995361328125,184.95999145507812,679.1727294921875
2025-12-10,278.26300048828125,477.4701843261719,183.77005004882812,683.6771850585938
2025-12-11,277.514404296875,482.3690185546875,180.92019653320312,685.26806640625
2025-12-12,277.7639465332031,477.4402770996094,175.01052856445312,677.9000244140625
2025-12-15,273.6016540527344,473.73870849609375,176.28045654296875,676.8758544921875
2025-12-16,274.1007385253906,475.3051452636719,177.71038818359375,675.0264282226562
2025-12-17,271.33587646484375,475.0357360839844,170.93075561523438,667.5986938476562
2025-12-18,271.68524169921875,482.87786865234375,174.1305694580078,672.6399536132812
2025-12-19,273.1625061035156,484.8134460449219,180.98020935058594,678.7363891601562
2025-12-22,270.4674987792969,483.81573486328125,183.6800537109375,682.96484375
2025-12-23,271.85491943359375,485.7413330078125,189.19976806640625,686.0863037109375
2025-12-24,273.3022155761719,486.90863037109375,188.59979248046875,688.4996948242188
2025-12-26,272.8929748535156,486.599365234375,190.51968383789062,688.4298706054688
2025-12-29,273.2523498535156,485.9907531738281,188.20980834960938,685.9765625
2025-12-30,272.5735778808594,486.3699035644531,187.52984619140625,685.138916015625
2025-12-31,271.3558349609375,482.5186767578125,186.4899139404297,680.062744140625
2026-01-02,270.5074157714844,471.8630065917969,188.83978271484375,681.309326171875
2026-01-05,266.7643737792969,471.773193359375,188.1098175048828,685.846923828125
2026-01-06,261.8734436035156,477.4203186035156,187.22987365722656,689.92578125
2026-01-07,259.8471984863281,482.3690185546875,189.09976196289062,687.701904296875
2026-01-08,258.55963134765625,477.0212097167969,185.0299835205078,687.632080078125
2026-01-09,258.8890075683594,478.1885681152344,184.84999084472656,692.1796264648438
2026-01-12,259.76739501953125,476.09332275390625,184.92999267578125,693.2666625976562
2026-01-13,260.5658874511719,469.5981750488281,185.79994201660156,691.8804931640625
2026-01-14,259.4779052734375,458.3338928222656,183.1300811767578,688.479736328125
2026-01-15,257.73114013671875,455.6200866699219,187.03988647460938,690.3546142578125
2026-01-16,255.05613708496094,458.8127746582031,186.21990966796875,689.7761840820312
2026-01-20,246.2425079345703,453.48492431640625,178.06036376953125,675.7345581054688
2026-01-21,247.1907501220703,443.0986328125,183.31008911132812,683.5332641601562
2026-01-22,247.8894500732422,450.1126403808594,184.82998657226562,687.103515625
2026-01-23,247.58001708984375,464.888916015625,187.6598358154297,687.352783203125
2026-01-26,254.9363555908203,469.20904541015625,186.4599151611328,690.84326171875
2026-01-27,257.791015625,479.485595703125,188.50979614257812,693.5957641601562
2026-01-28,255.96446228027344,480.533203125,191.5096435546875,693.5259399414062
2026-01-29,257.801025390625,432.5128173828125,192.49957275390625,692.1497192382812
2026-01-30,258.9988098144531,429.31011962890625,191.11965942382812,690.0853271484375
2026-02-02,269.5093078613281,422.4058837890625,185.59996032714844,693.5159912109375
2026-02-03,268.98028564453125,410.2735595703125,180.33023071289062,687.6520385742188
2026-02-04,275.97723388671875,413.2467956542969,174.18057250976562,684.3211059570312
2026-02-05,275.3983459472656,392.7735290527344,171.87069702148438,675.7744750976562
2026-02-06,277.6042175292969,400.22650146484375,185.39996337890625,688.739013671875
2026-02-09,274.3672180175781,412.65814208984375,190.0297088623047,692.0599975585938
2026-02-10,273.4280700683594,412.328857421875,188.52978515625,690.2349243164062
2026-02-11,275.24639892578125,403.4491271972656,190.0397186279297,690.075439453125
2026-02-12,261.4891052246094,400.9248962402344,186.9298858642578,679.41455078125
2026-02-13,255.5445556640625,400.4060974121094,182.80010986328125,679.8931884765625
2026-02-17,263.6371154785156,395.95623779296875,184.95999145507812,680.9901733398438
2026-02-18,264.106689453125,398.69000244140625,187.96981811523438,684.4208374023438
2026-02-19,260.3401184082031,398.4599914550781,187.88983154296875,682.61572265625
2026-02-20,264.3364562988281,397.2300109863281,189.8097381591797,687.5523071289062
2026-02-23,265.9349670410156,384.4700012207031,191.53964233398438,680.531494140625
2026-02-24,271.8895263671875,389.0,192.83956909179688,685.4779052734375
2026-02-25,273.97760009765625,400.6000061035156,195.54940795898438,691.26220703125
2026-02-26,272.6987609863281,401.7200012207031,184.87998962402344,687.422607421875
2026-02-27,263.93682861328125,392.739990234375,177.180419921875,684.1216430664062
2026-03-02,264.476318359375,398.54998779296875,182.47012329101562,684.5106201171875
2026-03-03,263.5072326660156,403.92999267578125,180.04025268554688,678.4771118164062
2026-03-04,262.2783508300781,405.20001220703125,183.03009033203125,683.2639770507812
2026-03-05,260.0504150390625,410.67999267578125,183.330078125,679.4544067382812
2026-03-06,257.2229919433594,408.9599914550781,177.8103790283203,670.5487060546875
2026-03-09,259.6407775878906,409.4100036621094,182.64010620117188,676.4227294921875
2026-03-10,260.58990478515625,405.760009765625,184.760009765625,675.3356323242188
2026-03-11,260.5699157714844,404.8800048828125,186.02999877929688,674.4879760742188
2026-03-12,255.52456665039062,401.8599853515625,183.13999938964844,664.2459106445312
2026-03-13,249.8897705078125,395.54998779296875,180.25,660.4862060546875
2026-03-16,252.58729553222656,399.95001220703125,183.22000122070312,667.2078857421875
2026-03-17,253.99598693847656,399.4100036621094,181.92999267578125,668.9630126953125
2026-03-18,249.70994567871094,391.7900085449219,180.39999389648438,659.6285400390625
2026-03-19,248.73085021972656,389.0199890136719,178.55999755859375,658.0029907226562
2026-03-20,247.76173400878906,381.8699951171875,172.6999969482422,648.5700073242188
2026-03-23,251.25851440429688,383.0,175.63999938964844,655.3800048828125
2026-03-24,251.4083709716797,372.739990234375,175.1999969482422,653.1799926757812
2026-03-25,252.38746643066406,371.0400085449219,178.67999267578125,656.8200073242188
2026-03-26,252.6572265625,365.9700012207031,171.24000549316406,645.0900268554688
2026-03-27,248.57098388671875,356.7699890136719,167.52000427246094,634.0900268554688
2026-03-30,246.40298461914062,358.9599914550781,165.1699981689453,631.969970703125
2026-03-31,253.55638122558594,370.1700134277344,174.39999389648438,650.3400268554688
2026-04-01,255.3946990966797,369.3699951171875,175.75,655.239990234375
2026-04-02,255.68443298339844,373.4599914550781,177.38999938964844,655.8300170898438
2026-04-06,258.6217041015625,372.8800048828125,177.63999938964844,658.9299926757812
2026-04-07,253.26666259765625,372.2900085449219,178.10000610351562,659.219970703125
2026-04-08,258.66168212890625,374.3299865722656,182.0800018310547,676.010009765625
2026-04-09,260.2502136230469,373.07000732421875,183.91000366210938,679.9099731445312
2026-04-10,260.240234375,370.8699951171875,188.6300048828125,679.4600219726562
2026-04-13,258.96142578125,384.3699951171875,189.30999755859375,686.0999755859375
2026-04-14,258.59173583984375,393.1099853515625,196.50999450683594,694.4600219726562
2026-04-15,266.18475341796875,411.2200012207031,198.8699951171875,699.9400024414062
2026-04-16,263.15753173828125,420.260009765625,198.35000610351562,701.6599731445312
2026-04-17,269.98126220703125,422.7900085449219,201.67999267578125,710.1400146484375
2026-04-20,272.79864501953125,418.07000732421875,202.05999755859375,708.719970703125
2026-04-21,265.9250183105469,424.1600036621094,199.8800048828125,704.0800170898438
2026-04-22,272.9185791015625,432.9200134277344,202.5,711.2100219726562
2026-04-23,273.1783142089844,415.75,199.63999938964844,708.4500122070312
2026-04-24,270.81048583984375,424.6199951171875,208.27000427246094,713.9400024414062
2026-04-27,267.3636474609375,424.82000732421875,216.61000061035156,715.1699829101562
2026-04-28,270.4608154296875,429.25,213.1699981689453,711.6900024414062
2026-04-29,269.92132568359375,424.4599914550781,209.25,711.5800170898438
2026-04-30,271.1002502441406,407.7799987792969,199.57000732421875,718.6599731445312
2026-05-01,279.88214111328125,414.44000244140625,198.4499969482422,720.6500244140625
2026-05-04,276.5751647949219,413.6199951171875,198.47999572753906,718.010009765625
2026-05-05,283.9184265136719,411.3800048828125,196.5,723.77001953125
2026-05-06,287.245361328125,413.9599914550781,207.8300018310547,733.8300170898438
2026-05-07,287.1754150390625,420.7699890136719,211.5,731.5800170898438
2026-05-08,293.0500183105469,415.1199951171875,215.1999969482422,737.6199951171875
2026-05-11,292.67999267578125,412.6600036621094,219.44000244140625,739.2999877929688
2026-05-12,294.79998779296875,407.7699890136719,220.77999877929688,738.1799926757812
2026-05-13,298.8699951171875,405.2099914550781,225.8300018310547,742.3099975585938
2026-05-14,298.2099914550781,409.42999267578125,235.74000549316406,748.1699829101562
2026-05-15,300.2300109863281,421.9200134277344,225.32000732421875,739.1699829101562
2026-05-18,297.8399963378906,423.5400085449219,222.32000732421875,738.6500244140625
2026-05-19,298.9700012207031,417.4200134277344,220.61000061035156,733.72998046875
2026-05-20,302.25,421.05999755859375,223.47000122070312,741.25
